municipality,year,emp_rate,part_rate
Aabenraa,2008,74.6,76.3
Aabenraa,2009,71.6,75.2
Aabenraa,2010,70.9,74.5
Aabenraa,2011,70.2,74.0
Aabenraa,2012,69.5,73.7
Aabenraa,2013,69.4,73.4
Aabenraa,2014,70.1,73.4
Aabenraa,2015,70.7,73.7
Aabenraa,2016,72.0,74.7
Aabenraa,2017,72.9,75.5
Aabenraa,2018,74.0,76.4
Aabenraa,2019,74.1,76.6
Aabenraa,2020,73.8,76.4
Aabenraa,2021,75.5,76.9
Aabenraa,2022,75.6,77.1
Aabenraa,2023,75.3,77.0
Aalborg,2008,73.2,75.5
Aalborg,2009,70.1,74.1
Aalborg,2010,69.7,73.7
Aalborg,2011,69.2,73.0
Aalborg,2012,68.6,72.5
Aalborg,2013,67.9,71.8
Aalborg,2014,68.0,71.9
Aalborg,2015,68.5,72.2
Aalborg,2016,69.5,72.9
Aalborg,2017,69.9,73.7
Aalborg,2018,71.0,74.4
Aalborg,2019,71.4,74.8
Aalborg,2020,71.0,74.8
Aalborg,2021,74.3,76.7
Aalborg,2022,75.2,77.6
Aalborg,2023,75.5,78.0
Aarhus,2008,72.6,74.3
Aarhus,2009,69.8,72.9
Aarhus,2010,69.0,71.9
Aarhus,2011,68.0,71.0
Aarhus,2012,67.4,70.8
Aarhus,2013,67.3,70.5
Aarhus,2014,68.0,70.8
Aarhus,2015,68.4,71.1
Aarhus,2016,69.2,71.8
Aarhus,2017,69.9,72.8
Aarhus,2018,70.5,73.4
Aarhus,2019,71.1,74.0
Aarhus,2020,70.5,74.1
Aarhus,2021,73.7,75.8
Aarhus,2022,74.3,76.4
Aarhus,2023,74.2,76.5
Albertslund,2008,73.1,75.5
Albertslund,2009,69.2,73.5
Albertslund,2010,67.5,72.4
Albertslund,2011,67.4,72.1
Albertslund,2012,66.5,71.9
Albertslund,2013,67.0,72.1
Albertslund,2014,67.4,72.0
Albertslund,2015,68.7,72.8
Albertslund,2016,68.8,72.8
Albertslund,2017,70.2,73.8
Albertslund,2018,71.3,74.9
Albertslund,2019,71.5,74.8
Albertslund,2020,70.8,74.7
Albertslund,2021,73.6,76.3
Albertslund,2022,75.1,77.1
Albertslund,2023,75.1,77.2
Allerød,2008,83.8,84.6
Allerød,2009,81.5,83.4
Allerød,2010,81.4,83.4
Allerød,2011,80.5,82.6
Allerød,2012,80.4,82.4
Allerød,2013,80.5,82.3
Allerød,2014,80.7,82.3
Allerød,2015,80.9,82.4
Allerød,2016,81.8,83.6
Allerød,2017,82.2,84.0
Allerød,2018,83.0,84.6
Allerød,2019,83.0,84.6
Allerød,2020,82.6,84.7
Allerød,2021,84.3,85.3
Allerød,2022,84.9,85.8
Allerød,2023,84.7,85.8
Assens,2008,76.0,77.9
Assens,2009,71.9,76.6
Assens,2010,71.7,76.3
Assens,2011,71.7,76.1
Assens,2012,70.8,75.3
Assens,2013,71.3,75.1
Assens,2014,71.4,74.5
Assens,2015,71.5,74.5
Assens,2016,71.5,74.5
Assens,2017,72.5,75.3
Assens,2018,73.5,75.9
Assens,2019,74.4,76.9
Assens,2020,74.5,77.1
Assens,2021,76.7,78.1
Assens,2022,77.2,78.8
Assens,2023,76.6,78.7
Ballerup,2008,75.9,77.2
Ballerup,2009,72.9,75.4
Ballerup,2010,71.9,74.9
Ballerup,2011,72.0,75.1
Ballerup,2012,71.4,75.1
Ballerup,2013,71.0,75.0
Ballerup,2014,71.8,74.8
Ballerup,2015,72.8,75.5
Ballerup,2016,73.6,76.4
Ballerup,2017,74.5,77.1
Ballerup,2018,75.3,77.7
Ballerup,2019,75.5,77.9
Ballerup,2020,74.7,77.7
Ballerup,2021,77.0,78.7
Ballerup,2022,78.1,79.5
Ballerup,2023,77.7,79.4
Billund,2008,80.1,81.1
Billund,2009,76.9,79.7
Billund,2010,76.5,78.9
Billund,2011,76.1,78.5
Billund,2012,75.4,78.3
Billund,2013,75.6,78.2
Billund,2014,75.4,78.2
Billund,2015,75.7,77.8
Billund,2016,76.6,78.5
Billund,2017,77.0,79.0
Billund,2018,77.7,79.6
Billund,2019,78.3,80.4
Billund,2020,76.7,79.4
Billund,2021,79.7,80.8
Billund,2022,80.5,81.5
Billund,2023,80.1,81.5
Bornholm,2008,68.0,71.9
Bornholm,2009,66.4,71.5
Bornholm,2010,65.9,71.2
Bornholm,2011,67.1,71.3
Bornholm,2012,66.0,71.3
Bornholm,2013,66.1,71.0
Bornholm,2014,67.0,71.4
Bornholm,2015,67.3,71.2
Bornholm,2016,69.3,72.6
Bornholm,2017,70.1,73.6
Bornholm,2018,70.2,73.9
Bornholm,2019,71.4,74.8
Bornholm,2020,70.3,74.4
Bornholm,2021,73.7,75.4
Bornholm,2022,74.0,75.9
Bornholm,2023,74.4,76.1
Brøndby,2008,72.3,74.0
Brøndby,2009,69.6,73.0
Brøndby,2010,68.3,72.0
Brøndby,2011,68.2,72.2
Brøndby,2012,67.4,72.1
Brøndby,2013,67.5,72.1
Brøndby,2014,67.3,71.2
Brøndby,2015,68.0,71.7
Brøndby,2016,69.1,72.5
Brøndby,2017,69.4,73.3
Brøndby,2018,70.2,74.1
Brøndby,2019,71.0,75.1
Brøndby,2020,69.5,74.9
Brøndby,2021,73.2,76.3
Brøndby,2022,74.2,76.8
Brøndby,2023,74.0,76.5
Brønderslev,2008,76.2,78.5
Brønderslev,2009,72.3,76.6
Brønderslev,2010,72.4,76.4
Brønderslev,2011,72.6,76.2
Brønderslev,2012,72.1,75.9
Brønderslev,2013,72.2,75.5
Brønderslev,2014,72.0,74.9
Brønderslev,2015,72.0,74.8
Brønderslev,2016,73.0,75.6
Brønderslev,2017,73.7,76.5
Brønderslev,2018,74.8,77.6
Brønderslev,2019,75.7,78.3
Brønderslev,2020,75.1,78.3
Brønderslev,2021,78.2,80.1
Brønderslev,2022,78.1,80.1
Brønderslev,2023,77.3,79.3
Christiansø,2008,62.9,67.7
Christiansø,2009,64.6,70.8
Christiansø,2010,67.8,74.6
Christiansø,2011,67.7,75.8
Christiansø,2012,69.6,71.4
Christiansø,2013,69.4,71.4
Christiansø,2014,70.0,74.0
Christiansø,2015,75.5,75.5
Christiansø,2016,77.8,77.8
Christiansø,2017,80.9,80.9
Christiansø,2018,82.0,86.0
Christiansø,2019,83.0,87.2
Christiansø,2020,79.2,81.3
Christiansø,2021,76.0,80.0
Christiansø,2022,81.1,86.8
Christiansø,2023,82.0,84.0
Copenhagen,2008,72.5,75.4
Copenhagen,2009,70.0,74.7
Copenhagen,2010,69.7,74.5
Copenhagen,2011,69.6,74.2
Copenhagen,2012,69.4,74.3
Copenhagen,2013,69.7,74.2
Copenhagen,2014,70.0,73.8
Copenhagen,2015,70.8,74.1
Copenhagen,2016,71.5,74.8
Copenhagen,2017,72.2,75.6
Copenhagen,2018,73.2,76.2
Copenhagen,2019,73.9,77.0
Copenhagen,2020,72.8,76.9
Copenhagen,2021,76.1,78.6
Copenhagen,2022,76.7,79.0
Copenhagen,2023,76.8,79.2
Dragør,2008,80.5,81.6
Dragør,2009,78.8,81.3
Dragør,2010,78.5,81.0
Dragør,2011,78.5,81.1
Dragør,2012,78.7,81.5
Dragør,2013,78.7,81.6
Dragør,2014,78.9,81.4
Dragør,2015,78.6,80.8
Dragør,2016,79.2,81.0
Dragør,2017,80.4,82.6
Dragør,2018,81.2,83.1
Dragør,2019,81.0,83.0
Dragør,2020,80.4,83.2
Dragør,2021,82.3,84.0
Dragør,2022,83.9,85.1
Dragør,2023,83.3,84.7
Egedal,2008,84.0,84.8
Egedal,2009,81.5,83.7
Egedal,2010,80.7,83.4
Egedal,2011,80.5,83.2
Egedal,2012,80.7,83.4
Egedal,2013,80.4,83.1
Egedal,2014,80.9,82.9
Egedal,2015,81.2,83.1
Egedal,2016,81.4,83.8
Egedal,2017,82.2,84.4
Egedal,2018,82.6,84.7
Egedal,2019,83.2,85.2
Egedal,2020,82.7,85.1
Egedal,2021,84.2,85.6
Egedal,2022,84.3,85.6
Egedal,2023,84.4,85.7
Esbjerg,2008,75.0,76.5
Esbjerg,2009,71.6,74.8
Esbjerg,2010,70.6,73.8
Esbjerg,2011,70.8,73.8
Esbjerg,2012,70.2,73.8
Esbjerg,2013,70.4,73.7
Esbjerg,2014,71.1,73.6
Esbjerg,2015,71.4,74.2
Esbjerg,2016,72.2,74.5
Esbjerg,2017,73.0,75.6
Esbjerg,2018,74.6,77.0
Esbjerg,2019,75.5,77.7
Esbjerg,2020,75.2,78.0
Esbjerg,2021,77.7,79.2
Esbjerg,2022,78.2,79.8
Esbjerg,2023,78.2,79.9
Faaborg-Midtfyn,2008,75.7,77.4
Faaborg-Midtfyn,2009,71.8,75.6
Faaborg-Midtfyn,2010,71.3,75.3
Faaborg-Midtfyn,2011,70.5,74.4
Faaborg-Midtfyn,2012,69.7,73.9
Faaborg-Midtfyn,2013,70.4,73.9
Faaborg-Midtfyn,2014,70.8,73.8
Faaborg-Midtfyn,2015,71.1,74.0
Faaborg-Midtfyn,2016,71.7,74.6
Faaborg-Midtfyn,2017,72.7,75.5
Faaborg-Midtfyn,2018,73.7,76.3
Faaborg-Midtfyn,2019,74.2,76.8
Faaborg-Midtfyn,2020,73.7,76.6
Faaborg-Midtfyn,2021,76.3,77.9
Faaborg-Midtfyn,2022,76.9,78.4
Faaborg-Midtfyn,2023,76.7,78.6
Fanø,2008,74.7,75.8
Fanø,2009,73.2,75.8
Fanø,2010,73.0,75.3
Fanø,2011,73.6,76.5
Fanø,2012,72.5,75.5
Fanø,2013,72.5,75.1
Fanø,2014,73.4,75.7
Fanø,2015,73.0,76.4
Fanø,2016,74.9,78.3
Fanø,2017,74.2,78.1
Fanø,2018,75.6,78.8
Fanø,2019,75.7,78.6
Fanø,2020,75.8,79.7
Fanø,2021,77.8,79.5
Fanø,2022,78.9,81.2
Fanø,2023,80.3,81.9
Favrskov,2008,81.8,83.1
Favrskov,2009,78.6,81.8
Favrskov,2010,78.0,80.9
Favrskov,2011,77.9,80.8
Favrskov,2012,77.2,80.2
Favrskov,2013,77.4,80.0
Favrskov,2014,78.2,80.4
Favrskov,2015,77.9,79.8
Favrskov,2016,79.1,81.1
Favrskov,2017,80.3,82.2
Favrskov,2018,81.2,83.1
Favrskov,2019,81.3,83.2
Favrskov,2020,80.7,83.1
Favrskov,2021,82.6,84.1
Favrskov,2022,82.8,84.1
Favrskov,2023,82.3,83.8
Faxe,2008,77.8,79.6
Faxe,2009,74.2,78.4
Faxe,2010,73.6,77.4
Faxe,2011,73.2,76.9
Faxe,2012,72.5,76.6
Faxe,2013,72.7,76.6
Faxe,2014,73.4,76.5
Faxe,2015,73.8,76.7
Faxe,2016,74.4,77.3
Faxe,2017,75.1,78.1
Faxe,2018,76.2,78.8
Faxe,2019,77.0,79.3
Faxe,2020,76.5,79.3
Faxe,2021,78.3,80.0
Faxe,2022,78.7,80.5
Faxe,2023,78.2,79.9
Fredensborg,2008,78.1,79.5
Fredensborg,2009,75.6,78.3
Fredensborg,2010,75.0,77.8
Fredensborg,2011,74.8,77.4
Fredensborg,2012,73.8,77.0
Fredensborg,2013,73.9,76.9
Fredensborg,2014,74.3,76.9
Fredensborg,2015,74.7,77.0
Fredensborg,2016,75.0,77.1
Fredensborg,2017,75.5,77.8
Fredensborg,2018,76.5,78.6
Fredensborg,2019,77.7,79.6
Fredensborg,2020,77.0,79.6
Fredensborg,2021,79.4,80.9
Fredensborg,2022,80.2,81.5
Fredensborg,2023,80.2,81.6
Fredericia,2008,75.9,77.8
Fredericia,2009,71.8,76.1
Fredericia,2010,70.6,75.0
Fredericia,2011,69.9,74.0
Fredericia,2012,68.9,73.6
Fredericia,2013,69.4,73.2
Fredericia,2014,70.1,73.6
Fredericia,2015,70.4,73.4
Fredericia,2016,71.5,74.5
Fredericia,2017,72.3,75.5
Fredericia,2018,73.4,76.3
Fredericia,2019,73.8,76.7
Fredericia,2020,73.3,76.6
Fredericia,2021,76.3,78.2
Fredericia,2022,76.3,78.2
Fredericia,2023,75.9,78.0
Frederiksberg,2008,75.6,77.5
Frederiksberg,2009,73.7,77.0
Frederiksberg,2010,72.7,76.5
Frederiksberg,2011,72.8,76.4
Frederiksberg,2012,73.0,77.0
Frederiksberg,2013,73.3,77.0
Frederiksberg,2014,73.5,76.9
Frederiksberg,2015,74.0,77.1
Frederiksberg,2016,74.7,77.6
Frederiksberg,2017,75.6,78.6
Frederiksberg,2018,76.5,79.3
Frederiksberg,2019,77.0,79.7
Frederiksberg,2020,76.6,80.2
Frederiksberg,2021,79.1,81.3
Frederiksberg,2022,79.5,81.5
Frederiksberg,2023,79.7,81.8
Frederikshavn,2008,74.4,76.5
Frederikshavn,2009,70.5,75.2
Frederikshavn,2010,70.3,74.7
Frederikshavn,2011,70.6,74.7
Frederikshavn,2012,70.5,74.4
Frederikshavn,2013,70.2,73.7
Frederikshavn,2014,70.6,73.9
Frederikshavn,2015,70.4,73.6
Frederikshavn,2016,71.1,74.2
Frederikshavn,2017,71.6,75.1
Frederikshavn,2018,73.1,76.1
Frederikshavn,2019,73.8,76.6
Frederikshavn,2020,72.6,76.4
Frederikshavn,2021,75.2,77.7
Frederikshavn,2022,75.1,77.8
Frederikshavn,2023,74.9,77.8
Frederikssund,2008,79.9,81.4
Frederikssund,2009,77.4,80.4
Frederikssund,2010,76.5,79.7
Frederikssund,2011,76.6,79.7
Frederikssund,2012,76.1,79.8
Frederikssund,2013,75.7,79.5
Frederikssund,2014,76.0,79.0
Frederikssund,2015,76.5,79.1
Frederikssund,2016,77.4,80.0
Frederikssund,2017,77.9,80.4
Frederikssund,2018,78.6,80.7
Frederikssund,2019,79.0,81.0
Frederikssund,2020,78.2,80.6
Frederikssund,2021,80.1,81.4
Frederikssund,2022,80.5,81.9
Frederikssund,2023,80.3,81.9
Furesø,2008,80.5,81.7
Furesø,2009,78.1,80.6
Furesø,2010,77.4,80.3
Furesø,2011,77.1,79.9
Furesø,2012,76.5,79.6
Furesø,2013,76.7,79.4
Furesø,2014,76.7,79.5
Furesø,2015,77.0,79.2
Furesø,2016,77.9,80.0
Furesø,2017,78.7,80.8
Furesø,2018,79.6,81.5
Furesø,2019,80.1,82.0
Furesø,2020,80.0,82.7
Furesø,2021,81.9,83.3
Furesø,2022,82.8,84.0
Furesø,2023,82.7,84.3
Gentofte,2008,79.2,80.4
Gentofte,2009,76.6,78.8
Gentofte,2010,76.4,78.8
Gentofte,2011,76.1,78.5
Gentofte,2012,75.5,78.2
Gentofte,2013,75.2,77.7
Gentofte,2014,74.7,77.0
Gentofte,2015,75.1,77.1
Gentofte,2016,75.2,77.2
Gentofte,2017,76.1,78.4
Gentofte,2018,76.6,78.7
Gentofte,2019,77.0,79.1
Gentofte,2020,76.1,78.9
Gentofte,2021,78.2,79.9
Gentofte,2022,78.5,80.0
Gentofte,2023,78.5,80.1
Gladsaxe,2008,77.9,79.4
Gladsaxe,2009,75.0,78.1
Gladsaxe,2010,74.1,77.5
Gladsaxe,2011,73.6,76.8
Gladsaxe,2012,73.2,76.8
Gladsaxe,2013,73.1,76.7
Gladsaxe,2014,73.4,76.6
Gladsaxe,2015,74.1,76.8
Gladsaxe,2016,74.3,76.8
Gladsaxe,2017,75.3,77.8
Gladsaxe,2018,76.3,78.7
Gladsaxe,2019,77.3,79.6
Gladsaxe,2020,76.6,79.6
Gladsaxe,2021,79.1,80.4
Gladsaxe,2022,79.4,80.9
Gladsaxe,2023,79.1,80.9
Glostrup,2008,79.2,81.0
Glostrup,2009,76.1,80.0
Glostrup,2010,74.5,78.8
Glostrup,2011,75.0,79.2
Glostrup,2012,74.7,78.9
Glostrup,2013,74.8,78.6
Glostrup,2014,74.4,78.0
Glostrup,2015,75.0,78.6
Glostrup,2016,75.5,78.8
Glostrup,2017,76.0,79.1
Glostrup,2018,76.5,79.5
Glostrup,2019,77.5,80.2
Glostrup,2020,76.6,80.1
Glostrup,2021,78.8,80.9
Glostrup,2022,79.0,81.2
Glostrup,2023,79.0,81.2
Greve,2008,79.6,80.9
Greve,2009,77.1,79.9
Greve,2010,76.2,79.6
Greve,2011,76.9,79.8
Greve,2012,76.2,79.4
Greve,2013,76.2,79.3
Greve,2014,76.5,79.4
Greve,2015,77.2,79.6
Greve,2016,77.9,80.2
Greve,2017,78.4,80.7
Greve,2018,79.5,81.5
Greve,2019,79.2,81.4
Greve,2020,79.1,81.9
Greve,2021,81.1,82.6
Greve,2022,81.6,83.2
Greve,2023,81.6,83.3
Gribskov,2008,78.0,79.3
Gribskov,2009,75.8,78.5
Gribskov,2010,75.2,78.6
Gribskov,2011,75.4,78.6
Gribskov,2012,74.8,78.2
Gribskov,2013,74.7,77.8
Gribskov,2014,75.1,77.6
Gribskov,2015,75.6,78.1
Gribskov,2016,76.3,78.6
Gribskov,2017,76.7,79.1
Gribskov,2018,78.0,79.8
Gribskov,2019,77.8,79.8
Gribskov,2020,77.6,80.0
Gribskov,2021,79.3,80.6
Gribskov,2022,79.7,80.8
Gribskov,2023,79.7,81.1
Guldborgsund,2008,71.7,73.6
Guldborgsund,2009,69.3,72.4
Guldborgsund,2010,68.4,72.0
Guldborgsund,2011,67.4,70.8
Guldborgsund,2012,66.3,70.3
Guldborgsund,2013,66.3,70.0
Guldborgsund,2014,66.6,69.6
Guldborgsund,2015,67.1,70.0
Guldborgsund,2016,67.8,70.6
Guldborgsund,2017,68.6,71.7
Guldborgsund,2018,69.2,72.1
Guldborgsund,2019,70.6,73.3
Guldborgsund,2020,70.5,73.6
Guldborgsund,2021,73.2,75.0
Guldborgsund,2022,73.5,75.3
Guldborgsund,2023,73.7,75.8
Haderslev,2008,76.8,78.3
Haderslev,2009,72.6,76.0
Haderslev,2010,71.1,74.7
Haderslev,2011,70.7,74.6
Haderslev,2012,69.8,73.9
Haderslev,2013,70.0,73.4
Haderslev,2014,70.7,73.4
Haderslev,2015,70.6,73.1
Haderslev,2016,71.5,73.9
Haderslev,2017,72.7,75.2
Haderslev,2018,73.9,76.2
Haderslev,2019,74.1,76.5
Haderslev,2020,73.9,76.6
Haderslev,2021,76.6,78.1
Haderslev,2022,76.7,78.3
Haderslev,2023,76.3,78.4
Halsnæs,2008,75.8,77.7
Halsnæs,2009,72.5,76.2
Halsnæs,2010,71.3,76.0
Halsnæs,2011,71.6,75.7
Halsnæs,2012,71.4,75.9
Halsnæs,2013,71.5,75.7
Halsnæs,2014,72.2,75.4
Halsnæs,2015,73.3,76.0
Halsnæs,2016,74.0,76.8
Halsnæs,2017,74.8,77.6
Halsnæs,2018,76.2,78.6
Halsnæs,2019,76.5,78.7
Halsnæs,2020,75.6,78.4
Halsnæs,2021,77.3,79.1
Halsnæs,2022,78.2,79.7
Halsnæs,2023,77.5,79.2
Hedensted,2008,82.3,83.4
Hedensted,2009,77.4,81.2
Hedensted,2010,78.3,80.9
Hedensted,2011,77.8,80.2
Hedensted,2012,77.5,80.1
Hedensted,2013,77.3,79.8
Hedensted,2014,77.7,79.6
Hedensted,2015,78.2,80.1
Hedensted,2016,79.0,80.6
Hedensted,2017,79.3,81.2
Hedensted,2018,80.0,82.0
Hedensted,2019,80.6,82.5
Hedensted,2020,80.1,82.4
Hedensted,2021,82.2,83.4
Hedensted,2022,82.6,83.9
Hedensted,2023,81.9,83.7
Helsingør,2008,75.9,77.7
Helsingør,2009,73.2,76.7
Helsingør,2010,73.2,76.6
Helsingør,2011,72.6,76.0
Helsingør,2012,72.2,75.9
Helsingør,2013,72.3,75.8
Helsingør,2014,72.6,75.8
Helsingør,2015,73.3,76.1
Helsingør,2016,74.0,76.7
Helsingør,2017,74.6,77.5
Helsingør,2018,75.2,77.8
Helsingør,2019,75.8,78.3
Helsingør,2020,75.4,78.5
Helsingør,2021,78.0,79.8
Helsingør,2022,78.7,80.3
Helsingør,2023,78.4,80.3
Herlev,2008,77.7,79.4
Herlev,2009,75.3,78.5
Herlev,2010,73.7,77.4
Herlev,2011,73.7,77.3
Herlev,2012,73.1,77.5
Herlev,2013,73.0,77.3
Herlev,2014,73.5,77.0
Herlev,2015,74.4,77.4
Herlev,2016,74.7,77.6
Herlev,2017,75.4,78.3
Herlev,2018,76.0,78.3
Herlev,2019,77.3,79.2
Herlev,2020,76.4,79.6
Herlev,2021,78.9,80.5
Herlev,2022,78.8,80.2
Herlev,2023,79.2,80.9
Herning,2008,78.6,79.9
Herning,2009,74.3,77.8
Herning,2010,73.7,77.2
Herning,2011,73.6,76.6
Herning,2012,73.1,76.5
Herning,2013,73.2,76.2
Herning,2014,74.0,76.3
Herning,2015,74.2,76.5
Herning,2016,74.9,77.0
Herning,2017,75.9,78.4
Herning,2018,76.8,79.2
Herning,2019,77.2,79.5
Herning,2020,77.0,79.6
Herning,2021,79.7,80.9
Herning,2022,80.1,81.4
Herning,2023,79.4,81.1
Hillerød,2008,81.4,82.5
Hillerød,2009,78.6,81.4
Hillerød,2010,77.7,80.9
Hillerød,2011,77.5,80.1
Hillerød,2012,77.6,80.4
Hillerød,2013,77.3,79.9
Hillerød,2014,77.2,79.5
Hillerød,2015,77.7,79.9
Hillerød,2016,78.2,80.5
Hillerød,2017,78.2,80.5
Hillerød,2018,79.0,81.0
Hillerød,2019,79.6,81.2
Hillerød,2020,78.9,81.3
Hillerød,2021,80.8,82.2
Hillerød,2022,81.3,82.6
Hillerød,2023,81.4,82.9
Hjørring,2008,75.5,77.4
Hjørring,2009,71.7,76.1
Hjørring,2010,71.4,75.6
Hjørring,2011,71.6,75.5
Hjørring,2012,71.5,75.3
Hjørring,2013,71.2,74.7
Hjørring,2014,71.1,74.2
Hjørring,2015,71.0,74.1
Hjørring,2016,72.1,75.1
Hjørring,2017,72.7,76.1
Hjørring,2018,74.7,77.4
Hjørring,2019,74.9,77.8
Hjørring,2020,73.9,77.4
Hjørring,2021,76.3,78.3
Hjørring,2022,76.7,78.6
Hjørring,2023,77.0,79.0
Holbæk,2008,76.7,78.5
Holbæk,2009,73.7,77.1
Holbæk,2010,72.9,76.1
Holbæk,2011,72.8,75.7
Holbæk,2012,72.0,75.3
Holbæk,2013,71.9,74.9
Holbæk,2014,72.4,74.8
Holbæk,2015,72.5,75.0
Holbæk,2016,73.3,75.6
Holbæk,2017,73.4,76.1
Holbæk,2018,74.9,77.1
Holbæk,2019,75.9,77.9
Holbæk,2020,75.5,77.9
Holbæk,2021,78.0,79.4
Holbæk,2022,78.4,79.8
Holbæk,2023,78.6,80.1
Holstebro,2008,79.2,80.6
Holstebro,2009,75.6,78.8
Holstebro,2010,75.1,78.2
Holstebro,2011,75.0,77.8
Holstebro,2012,74.5,77.5
Holstebro,2013,74.6,77.1
Holstebro,2014,75.1,77.0
Holstebro,2015,75.3,77.3
Holstebro,2016,75.7,77.9
Holstebro,2017,76.9,78.9
Holstebro,2018,78.0,79.8
Holstebro,2019,78.0,79.9
Holstebro,2020,78.4,80.4
Holstebro,2021,80.1,81.1
Holstebro,2022,80.1,81.4
Holstebro,2023,80.0,81.3
Horsens,2008,76.6,78.2
Horsens,2009,72.3,76.3
Horsens,2010,71.6,75.8
Horsens,2011,71.8,75.2
Horsens,2012,70.9,74.5
Horsens,2013,71.2,74.6
Horsens,2014,71.9,74.6
Horsens,2015,72.0,74.7
Horsens,2016,73.0,75.4
Horsens,2017,74.0,76.5
Horsens,2018,75.4,77.6
Horsens,2019,75.7,78.3
Horsens,2020,75.6,78.4
Horsens,2021,78.2,79.7
Horsens,2022,78.4,80.1
Horsens,2023,78.6,80.6
Hvidovre,2008,78.0,79.5
Hvidovre,2009,75.2,78.4
Hvidovre,2010,73.8,77.3
Hvidovre,2011,73.5,76.9
Hvidovre,2012,72.8,76.4
Hvidovre,2013,73.0,76.5
Hvidovre,2014,73.2,76.2
Hvidovre,2015,74.0,76.7
Hvidovre,2016,74.6,77.3
Hvidovre,2017,74.8,77.5
Hvidovre,2018,75.8,78.2
Hvidovre,2019,76.4,78.8
Hvidovre,2020,75.2,78.6
Hvidovre,2021,77.7,79.8
Hvidovre,2022,78.4,80.2
Hvidovre,2023,78.8,80.7
Høje-Taastrup,2008,76.5,78.8
Høje-Taastrup,2009,72.9,77.3
Høje-Taastrup,2010,71.6,76.6
Høje-Taastrup,2011,71.6,76.5
Høje-Taastrup,2012,70.8,76.2
Høje-Taastrup,2013,71.2,76.4
Høje-Taastrup,2014,71.6,76.2
Høje-Taastrup,2015,72.0,76.3
Høje-Taastrup,2016,72.8,76.4
Høje-Taastrup,2017,73.5,76.8
Høje-Taastrup,2018,74.4,77.5
Høje-Taastrup,2019,75.3,78.5
Høje-Taastrup,2020,74.4,78.6
Høje-Taastrup,2021,77.0,79.8
Høje-Taastrup,2022,77.7,80.1
Høje-Taastrup,2023,77.6,80.1
Hørsholm,2008,80.1,81.1
Hørsholm,2009,77.7,79.8
Hørsholm,2010,77.4,79.5
Hørsholm,2011,76.8,78.7
Hørsholm,2012,76.5,79.0
Hørsholm,2013,76.8,78.7
Hørsholm,2014,76.5,78.5
Hørsholm,2015,77.1,78.8
Hørsholm,2016,77.0,78.6
Hørsholm,2017,77.9,80.0
Hørsholm,2018,78.8,81.0
Hørsholm,2019,79.5,81.4
Hørsholm,2020,78.9,81.6
Hørsholm,2021,81.0,82.6
Hørsholm,2022,80.9,82.3
Hørsholm,2023,81.5,83.0
Ikast-Brande,2008,79.0,80.9
Ikast-Brande,2009,74.5,78.9
Ikast-Brande,2010,74.1,78.5
Ikast-Brande,2011,74.0,77.7
Ikast-Brande,2012,73.8,77.4
Ikast-Brande,2013,73.1,77.0
Ikast-Brande,2014,73.8,76.7
Ikast-Brande,2015,74.0,76.8
Ikast-Brande,2016,74.7,77.3
Ikast-Brande,2017,75.3,78.1
Ikast-Brande,2018,76.2,78.5
Ikast-Brande,2019,76.6,78.9
Ikast-Brande,2020,75.5,78.3
Ikast-Brande,2021,78.2,79.5
Ikast-Brande,2022,78.3,79.7
Ikast-Brande,2023,77.3,79.1
Ishøj,2008,72.8,75.7
Ishøj,2009,68.8,74.1
Ishøj,2010,67.9,73.7
Ishøj,2011,67.3,72.9
Ishøj,2012,66.4,73.6
Ishøj,2013,66.4,73.3
Ishøj,2014,66.9,72.9
Ishøj,2015,68.3,73.9
Ishøj,2016,69.4,73.7
Ishøj,2017,70.3,75.0
Ishøj,2018,71.5,75.8
Ishøj,2019,71.9,75.7
Ishøj,2020,70.9,76.0
Ishøj,2021,73.7,77.1
Ishøj,2022,74.7,77.7
Ishøj,2023,74.5,77.6
Jammerbugt,2008,76.3,78.3
Jammerbugt,2009,72.1,76.3
Jammerbugt,2010,72.3,76.0
Jammerbugt,2011,72.1,75.8
Jammerbugt,2012,71.5,75.8
Jammerbugt,2013,71.5,75.2
Jammerbugt,2014,71.4,74.5
Jammerbugt,2015,71.8,74.6
Jammerbugt,2016,72.8,75.1
Jammerbugt,2017,73.6,76.3
Jammerbugt,2018,75.4,77.8
Jammerbugt,2019,76.0,78.6
Jammerbugt,2020,75.0,78.2
Jammerbugt,2021,77.6,79.4
Jammerbugt,2022,77.7,79.4
Jammerbugt,2023,77.9,79.9
Kalundborg,2008,74.2,75.7
Kalundborg,2009,70.7,74.2
Kalundborg,2010,69.5,73.1
Kalundborg,2011,69.5,72.9
Kalundborg,2012,68.5,72.5
Kalundborg,2013,68.5,72.2
Kalundborg,2014,68.7,71.6
Kalundborg,2015,69.6,72.0
Kalundborg,2016,70.2,73.0
Kalundborg,2017,70.7,73.6
Kalundborg,2018,71.4,74.1
Kalundborg,2019,72.0,74.4
Kalundborg,2020,71.6,74.3
Kalundborg,2021,73.8,75.5
Kalundborg,2022,74.4,76.0
Kalundborg,2023,74.9,76.3
Kerteminde,2008,76.0,77.9
Kerteminde,2009,72.0,76.3
Kerteminde,2010,70.7,75.7
Kerteminde,2011,69.2,74.9
Kerteminde,2012,68.3,73.8
Kerteminde,2013,69.4,73.3
Kerteminde,2014,70.3,73.5
Kerteminde,2015,70.6,73.6
Kerteminde,2016,71.3,74.3
Kerteminde,2017,72.9,76.1
Kerteminde,2018,74.2,77.1
Kerteminde,2019,74.1,76.9
Kerteminde,2020,74.6,77.5
Kerteminde,2021,77.2,78.8
Kerteminde,2022,77.6,79.3
Kerteminde,2023,77.3,79.3
Kolding,2008,78.7,80.1
Kolding,2009,74.5,78.1
Kolding,2010,74.0,77.4
Kolding,2011,73.7,76.9
Kolding,2012,73.0,76.6
Kolding,2013,73.1,76.3
Kolding,2014,73.2,76.1
Kolding,2015,73.6,76.2
Kolding,2016,74.8,77.3
Kolding,2017,75.7,78.2
Kolding,2018,76.6,78.9
Kolding,2019,76.9,79.3
Kolding,2020,76.5,79.2
Kolding,2021,79.3,80.9
Kolding,2022,79.5,81.1
Kolding,2023,79.0,80.9
Køge,2008,78.4,80.3
Køge,2009,74.9,78.7
Køge,2010,74.0,78.1
Køge,2011,73.7,77.9
Køge,2012,73.3,77.3
Køge,2013,73.1,77.0
Køge,2014,74.1,77.3
Køge,2015,75.1,77.7
Køge,2016,75.5,78.0
Køge,2017,76.5,79.1
Køge,2018,77.1,79.5
Køge,2019,77.3,79.7
Køge,2020,76.8,79.5
Køge,2021,78.8,80.6
Køge,2022,79.2,80.8
Køge,2023,79.3,80.9
Langeland,2008,69.0,71.0
Langeland,2009,66.2,69.5
Langeland,2010,65.4,69.6
Langeland,2011,64.1,68.6
Langeland,2012,63.1,68.1
Langeland,2013,64.2,68.2
Langeland,2014,64.8,68.1
Langeland,2015,63.9,67.2
Langeland,2016,66.0,69.2
Langeland,2017,66.2,70.0
Langeland,2018,68.1,71.5
Langeland,2019,68.0,71.3
Langeland,2020,68.5,72.3
Langeland,2021,70.4,72.8
Langeland,2022,71.6,74.0
Langeland,2023,71.5,73.6
Lejre,2008,81.5,82.8
Lejre,2009,79.4,81.7
Lejre,2010,78.3,81.0
Lejre,2011,78.2,80.6
Lejre,2012,77.5,80.0
Lejre,2013,77.4,79.6
Lejre,2014,77.3,79.5
Lejre,2015,78.2,80.1
Lejre,2016,78.6,80.8
Lejre,2017,79.1,81.3
Lejre,2018,79.8,81.7
Lejre,2019,80.1,82.1
Lejre,2020,79.7,82.4
Lejre,2021,81.6,83.2
Lejre,2022,81.7,83.1
Lejre,2023,82.1,83.5
Lemvig,2008,78.4,79.8
Lemvig,2009,74.6,78.1
Lemvig,2010,75.4,78.1
Lemvig,2011,75.1,77.7
Lemvig,2012,73.8,76.6
Lemvig,2013,73.6,76.1
Lemvig,2014,74.7,76.4
Lemvig,2015,74.7,76.5
Lemvig,2016,74.9,77.2
Lemvig,2017,75.7,78.1
Lemvig,2018,76.5,78.4
Lemvig,2019,77.7,79.5
Lemvig,2020,77.5,79.9
Lemvig,2021,79.4,80.8
Lemvig,2022,79.8,81.4
Lemvig,2023,79.4,81.0
Lolland,2008,66.6,69.2
Lolland,2009,63.4,68.1
Lolland,2010,62.4,67.7
Lolland,2011,61.5,66.5
Lolland,2012,60.7,66.4
Lolland,2013,61.2,65.8
Lolland,2014,61.6,65.5
Lolland,2015,62.2,65.6
Lolland,2016,62.6,66.4
Lolland,2017,63.1,66.6
Lolland,2018,64.3,67.4
Lolland,2019,65.4,68.3
Lolland,2020,64.8,68.3
Lolland,2021,67.0,69.1
Lolland,2022,68.2,70.2
Lolland,2023,68.3,70.3
Lyngby-Taarbæk,2008,78.7,79.7
Lyngby-Taarbæk,2009,76.0,78.1
Lyngby-Taarbæk,2010,75.2,77.6
Lyngby-Taarbæk,2011,75.1,77.6
Lyngby-Taarbæk,2012,75.1,77.7
Lyngby-Taarbæk,2013,75.0,77.4
Lyngby-Taarbæk,2014,75.0,77.4
Lyngby-Taarbæk,2015,75.5,77.5
Lyngby-Taarbæk,2016,75.7,77.6
Lyngby-Taarbæk,2017,75.7,77.7
Lyngby-Taarbæk,2018,76.6,78.5
Lyngby-Taarbæk,2019,76.4,78.4
Lyngby-Taarbæk,2020,75.3,77.8
Lyngby-Taarbæk,2021,77.1,78.8
Lyngby-Taarbæk,2022,77.4,78.8
Lyngby-Taarbæk,2023,77.2,78.7
Læsø,2008,73.1,76.2
Læsø,2009,67.0,73.9
Læsø,2010,67.7,74.4
Læsø,2011,68.2,74.7
Læsø,2012,66.2,74.1
Læsø,2013,68.2,74.5
Læsø,2014,67.1,72.2
Læsø,2015,67.4,73.2
Læsø,2016,69.0,74.4
Læsø,2017,72.0,76.5
Læsø,2018,72.9,79.8
Læsø,2019,75.4,80.4
Læsø,2020,74.6,81.1
Læsø,2021,74.3,79.3
Læsø,2022,73.3,78.1
Læsø,2023,76.3,80.1
Mariagerfjord,2008,77.1,78.9
Mariagerfjord,2009,72.4,76.7
Mariagerfjord,2010,72.9,76.1
Mariagerfjord,2011,72.3,75.6
Mariagerfjord,2012,71.6,75.4
Mariagerfjord,2013,71.5,75.0
Mariagerfjord,2014,71.4,74.3
Mariagerfjord,2015,72.3,75.1
Mariagerfjord,2016,73.4,75.9
Mariagerfjord,2017,73.9,76.8
Mariagerfjord,2018,74.7,77.4
Mariagerfjord,2019,75.3,78.0
Mariagerfjord,2020,74.7,78.0
Mariagerfjord,2021,77.3,78.8
Mariagerfjord,2022,77.5,79.1
Mariagerfjord,2023,77.2,79.2
Middelfart,2008,77.7,78.9
Middelfart,2009,74.4,77.6
Middelfart,2010,74.0,76.9
Middelfart,2011,73.7,76.6
Middelfart,2012,73.2,76.3
Middelfart,2013,73.7,76.0
Middelfart,2014,74.3,76.3
Middelfart,2015,74.3,76.1
Middelfart,2016,75.0,77.0
Middelfart,2017,76.0,78.2
Middelfart,2018,76.9,78.9
Middelfart,2019,77.6,79.6
Middelfart,2020,77.7,80.1
Middelfart,2021,80.2,81.5
Middelfart,2022,80.7,82.0
Middelfart,2023,80.1,81.8
Morsø,2008,73.1,75.2
Morsø,2009,69.1,73.9
Morsø,2010,68.5,73.0
Morsø,2011,68.9,72.9
Morsø,2012,68.8,72.4
Morsø,2013,69.7,72.5
Morsø,2014,70.1,72.8
Morsø,2015,70.9,73.0
Morsø,2016,72.2,74.5
Morsø,2017,73.0,75.3
Morsø,2018,73.8,75.9
Morsø,2019,73.9,76.0
Morsø,2020,74.3,76.7
Morsø,2021,76.2,77.5
Morsø,2022,76.6,78.4
Morsø,2023,75.8,77.7
Norddjurs,2008,74.4,76.1
Norddjurs,2009,71.1,74.7
Norddjurs,2010,70.5,74.1
Norddjurs,2011,69.9,73.2
Norddjurs,2012,68.9,72.5
Norddjurs,2013,69.2,72.2
Norddjurs,2014,69.4,71.9
Norddjurs,2015,69.4,71.8
Norddjurs,2016,70.2,72.8
Norddjurs,2017,71.1,74.4
Norddjurs,2018,72.0,75.2
Norddjurs,2019,73.4,76.3
Norddjurs,2020,72.7,75.7
Norddjurs,2021,74.4,76.2
Norddjurs,2022,75.1,77.0
Norddjurs,2023,74.8,76.7
Nordfyns,2008,76.5,78.5
Nordfyns,2009,72.8,77.4
Nordfyns,2010,72.0,76.8
Nordfyns,2011,71.4,75.7
Nordfyns,2012,71.0,75.2
Nordfyns,2013,70.6,74.3
Nordfyns,2014,71.6,74.8
Nordfyns,2015,71.6,74.7
Nordfyns,2016,72.9,75.6
Nordfyns,2017,73.9,77.2
Nordfyns,2018,74.6,77.5
Nordfyns,2019,74.8,77.7
Nordfyns,2020,74.2,77.8
Nordfyns,2021,76.4,78.3
Nordfyns,2022,76.9,78.8
Nordfyns,2023,76.4,78.6
Nyborg,2008,73.9,75.5
Nyborg,2009,70.7,74.4
Nyborg,2010,69.5,73.5
Nyborg,2011,68.4,72.4
Nyborg,2012,67.9,71.6
Nyborg,2013,67.8,71.2
Nyborg,2014,67.9,70.8
Nyborg,2015,68.4,71.0
Nyborg,2016,69.4,72.0
Nyborg,2017,70.3,73.0
Nyborg,2018,71.5,74.0
Nyborg,2019,71.9,74.6
Nyborg,2020,71.2,74.3
Nyborg,2021,73.9,75.3
Nyborg,2022,74.8,76.4
Nyborg,2023,74.0,76.5
Næstved,2008,76.0,78.1
Næstved,2009,72.8,76.9
Næstved,2010,72.1,76.1
Næstved,2011,71.5,75.4
Næstved,2012,71.4,75.4
Næstved,2013,71.4,75.0
Næstved,2014,71.3,74.4
Næstved,2015,71.5,74.5
Næstved,2016,72.1,75.1
Næstved,2017,72.8,76.1
Næstved,2018,74.2,76.9
Næstved,2019,74.9,77.6
Næstved,2020,74.6,77.7
Næstved,2021,76.8,78.8
Næstved,2022,77.4,79.3
Næstved,2023,77.4,79.5
Odder,2008,79.0,80.5
Odder,2009,76.1,79.4
Odder,2010,75.2,78.3
Odder,2011,74.5,77.5
Odder,2012,73.8,76.6
Odder,2013,74.4,77.0
Odder,2014,74.7,76.7
Odder,2015,74.3,76.2
Odder,2016,75.1,77.9
Odder,2017,76.2,78.6
Odder,2018,77.6,79.5
Odder,2019,78.0,80.0
Odder,2020,77.9,80.5
Odder,2021,80.0,81.3
Odder,2022,79.9,81.5
Odder,2023,79.7,81.5
Odense,2008,71.6,73.9
Odense,2009,68.2,72.5
Odense,2010,67.0,71.4
Odense,2011,66.1,70.5
Odense,2012,65.7,70.2
Odense,2013,65.4,69.5
Odense,2014,65.6,69.2
Odense,2015,65.8,69.5
Odense,2016,66.5,70.2
Odense,2017,67.2,70.6
Odense,2018,68.3,71.2
Odense,2019,68.9,71.9
Odense,2020,68.6,72.0
Odense,2021,72.2,74.3
Odense,2022,72.8,75.0
Odense,2023,72.8,75.2
Odsherred,2008,70.6,72.6
Odsherred,2009,67.7,71.3
Odsherred,2010,66.9,70.8
Odsherred,2011,67.0,70.7
Odsherred,2012,66.6,70.9
Odsherred,2013,67.0,71.1
Odsherred,2014,67.3,70.9
Odsherred,2015,68.1,71.5
Odsherred,2016,68.9,72.6
Odsherred,2017,69.5,73.0
Odsherred,2018,71.2,74.1
Odsherred,2019,72.0,74.6
Odsherred,2020,71.9,74.9
Odsherred,2021,73.4,75.1
Odsherred,2022,74.1,75.7
Odsherred,2023,74.3,75.7
Randers,2008,76.3,77.8
Randers,2009,71.9,76.1
Randers,2010,71.3,75.4
Randers,2011,71.2,74.7
Randers,2012,70.5,73.9
Randers,2013,70.3,73.6
Randers,2014,70.8,73.7
Randers,2015,71.3,74.1
Randers,2016,72.1,74.8
Randers,2017,72.9,75.8
Randers,2018,73.9,76.5
Randers,2019,74.5,77.1
Randers,2020,73.9,76.9
Randers,2021,76.4,78.3
Randers,2022,76.7,78.6
Randers,2023,76.3,78.5
Rebild,2008,81.0,82.5
Rebild,2009,77.0,81.3
Rebild,2010,76.9,80.8
Rebild,2011,77.0,80.2
Rebild,2012,77.4,80.3
Rebild,2013,77.3,80.2
Rebild,2014,77.5,80.1
Rebild,2015,78.0,80.3
Rebild,2016,79.0,81.6
Rebild,2017,79.4,81.9
Rebild,2018,80.2,82.4
Rebild,2019,80.5,82.9
Rebild,2020,80.1,82.8
Rebild,2021,82.5,84.1
Rebild,2022,82.5,84.1
Rebild,2023,82.5,84.4
Ringkøbing-Skjern,2008,80.8,82.0
Ringkøbing-Skjern,2009,76.7,80.3
Ringkøbing-Skjern,2010,75.7,79.2
Ringkøbing-Skjern,2011,76.1,78.7
Ringkøbing-Skjern,2012,74.5,77.9
Ringkøbing-Skjern,2013,74.3,77.3
Ringkøbing-Skjern,2014,75.2,77.4
Ringkøbing-Skjern,2015,75.5,77.5
Ringkøbing-Skjern,2016,76.4,78.1
Ringkøbing-Skjern,2017,77.1,78.9
Ringkøbing-Skjern,2018,77.8,79.8
Ringkøbing-Skjern,2019,78.4,80.4
Ringkøbing-Skjern,2020,78.3,80.4
Ringkøbing-Skjern,2021,80.4,81.6
Ringkøbing-Skjern,2022,80.8,82.1
Ringkøbing-Skjern,2023,80.7,82.2
Ringsted,2008,78.6,80.2
Ringsted,2009,75.4,78.7
Ringsted,2010,74.4,77.9
Ringsted,2011,74.0,77.3
Ringsted,2012,72.8,76.6
Ringsted,2013,73.2,76.8
Ringsted,2014,73.9,76.7
Ringsted,2015,74.5,77.0
Ringsted,2016,74.7,77.5
Ringsted,2017,75.8,78.5
Ringsted,2018,76.7,79.1
Ringsted,2019,77.1,79.4
Ringsted,2020,76.4,79.1
Ringsted,2021,79.0,80.6
Ringsted,2022,79.2,81.1
Ringsted,2023,79.3,81.3
Roskilde,2008,79.1,80.3
Roskilde,2009,76.3,78.8
Roskilde,2010,75.2,77.9
Roskilde,2011,74.9,77.5
Roskilde,2012,74.1,77.0
Roskilde,2013,74.0,76.8
Roskilde,2014,74.0,76.7
Roskilde,2015,74.5,77.2
Roskilde,2016,75.6,78.1
Roskilde,2017,76.8,79.2
Roskilde,2018,77.7,79.9
Roskilde,2019,78.1,80.2
Roskilde,2020,77.6,80.3
Roskilde,2021,79.8,81.5
Roskilde,2022,80.6,82.1
Roskilde,2023,80.5,82.1
Rudersdal,2008,79.0,79.9
Rudersdal,2009,76.8,79.0
Rudersdal,2010,76.3,78.8
Rudersdal,2011,76.4,78.8
Rudersdal,2012,76.4,78.8
Rudersdal,2013,76.6,78.8
Rudersdal,2014,76.7,78.6
Rudersdal,2015,77.0,78.7
Rudersdal,2016,76.9,79.1
Rudersdal,2017,77.4,79.6
Rudersdal,2018,77.7,79.7
Rudersdal,2019,78.2,80.1
Rudersdal,2020,77.7,80.0
Rudersdal,2021,79.9,81.4
Rudersdal,2022,80.6,81.8
Rudersdal,2023,80.1,81.6
Rødovre,2008,78.0,79.7
Rødovre,2009,75.2,78.5
Rødovre,2010,73.9,77.4
Rødovre,2011,73.6,77.1
Rødovre,2012,73.0,76.7
Rødovre,2013,73.2,76.8
Rødovre,2014,73.5,77.1
Rødovre,2015,74.3,77.5
Rødovre,2016,74.8,77.9
Rødovre,2017,75.1,78.7
Rødovre,2018,76.2,79.4
Rødovre,2019,77.0,80.2
Rødovre,2020,75.7,80.0
Rødovre,2021,79.0,81.3
Rødovre,2022,79.5,81.6
Rødovre,2023,79.4,81.6
Samsø,2008,70.8,72.9
Samsø,2009,69.6,73.5
Samsø,2010,68.2,73.3
Samsø,2011,70.1,73.3
Samsø,2012,68.4,72.1
Samsø,2013,69.8,73.5
Samsø,2014,70.9,73.5
Samsø,2015,71.4,74.4
Samsø,2016,71.7,73.9
Samsø,2017,72.5,76.4
Samsø,2018,73.6,77.5
Samsø,2019,74.3,78.1
Samsø,2020,74.3,78.4
Samsø,2021,76.2,78.7
Samsø,2022,76.0,78.6
Samsø,2023,77.5,80.0
Silkeborg,2008,79.5,80.7
Silkeborg,2009,75.3,78.9
Silkeborg,2010,74.5,78.1
Silkeborg,2011,74.2,77.8
Silkeborg,2012,74.1,77.8
Silkeborg,2013,74.2,77.4
Silkeborg,2014,74.7,77.4
Silkeborg,2015,75.0,77.6
Silkeborg,2016,75.8,78.1
Silkeborg,2017,76.7,79.2
Silkeborg,2018,77.8,80.1
Silkeborg,2019,78.3,80.6
Silkeborg,2020,78.0,80.7
Silkeborg,2021,80.3,81.8
Silkeborg,2022,80.6,82.1
Silkeborg,2023,80.8,82.4
Skanderborg,2008,81.4,82.5
Skanderborg,2009,78.2,81.1
Skanderborg,2010,77.9,80.5
Skanderborg,2011,78.3,80.4
Skanderborg,2012,78.1,80.2
Skanderborg,2013,77.8,79.7
Skanderborg,2014,78.2,80.0
Skanderborg,2015,78.2,79.9
Skanderborg,2016,78.8,80.5
Skanderborg,2017,79.9,81.7
Skanderborg,2018,80.8,82.5
Skanderborg,2019,81.3,83.1
Skanderborg,2020,80.7,83.1
Skanderborg,2021,82.8,84.0
Skanderborg,2022,82.7,84.0
Skanderborg,2023,82.5,84.0
Skive,2008,76.5,78.3
Skive,2009,72.3,77.0
Skive,2010,72.3,76.2
Skive,2011,72.5,75.4
Skive,2012,72.1,74.8
Skive,2013,72.8,74.9
Skive,2014,72.6,74.5
Skive,2015,72.8,74.8
Skive,2016,73.7,75.7
Skive,2017,74.5,76.7
Skive,2018,74.8,76.7
Skive,2019,75.9,77.7
Skive,2020,75.4,77.2
Skive,2021,77.9,78.7
Skive,2022,77.6,78.9
Skive,2023,77.7,79.1
Slagelse,2008,74.0,76.2
Slagelse,2009,70.8,74.9
Slagelse,2010,69.9,74.6
Slagelse,2011,69.4,74.3
Slagelse,2012,68.8,73.5
Slagelse,2013,68.6,72.7
Slagelse,2014,69.2,72.9
Slagelse,2015,69.6,73.1
Slagelse,2016,70.5,73.5
Slagelse,2017,71.1,74.2
Slagelse,2018,72.0,74.9
Slagelse,2019,72.9,75.7
Slagelse,2020,72.0,75.4
Slagelse,2021,74.7,76.7
Slagelse,2022,75.4,77.5
Slagelse,2023,75.4,77.5
Solrød,2008,81.8,83.1
Solrød,2009,79.2,81.9
Solrød,2010,78.8,81.9
Solrød,2011,78.6,81.4
Solrød,2012,77.9,81.0
Solrød,2013,78.1,80.9
Solrød,2014,78.3,80.7
Solrød,2015,78.6,80.7
Solrød,2016,79.9,81.9
Solrød,2017,81.5,83.4
Solrød,2018,81.7,83.5
Solrød,2019,81.7,83.8
Solrød,2020,81.8,84.3
Solrød,2021,83.9,85.3
Solrød,2022,84.2,85.4
Solrød,2023,84.4,85.8
Sorø,2008,77.1,79.0
Sorø,2009,74.3,77.5
Sorø,2010,73.4,76.6
Sorø,2011,72.8,76.1
Sorø,2012,71.5,75.3
Sorø,2013,71.7,75.1
Sorø,2014,72.9,75.8
Sorø,2015,73.1,75.7
Sorø,2016,74.2,76.7
Sorø,2017,74.6,77.4
Sorø,2018,75.7,78.0
Sorø,2019,76.3,78.6
Sorø,2020,75.8,78.4
Sorø,2021,78.0,79.6
Sorø,2022,78.1,79.8
Sorø,2023,78.0,79.6
Stevns,2008,77.8,79.7
Stevns,2009,74.9,78.8
Stevns,2010,74.4,78.1
Stevns,2011,74.2,77.8
Stevns,2012,74.0,77.8
Stevns,2013,73.7,77.4
Stevns,2014,74.1,77.0
Stevns,2015,74.6,77.0
Stevns,2016,74.9,77.3
Stevns,2017,76.0,78.6
Stevns,2018,77.1,79.7
Stevns,2019,78.2,80.6
Stevns,2020,77.6,80.5
Stevns,2021,79.2,81.1
Stevns,2022,79.7,81.4
Stevns,2023,79.5,81.4
Struer,2008,76.4,78.0
Struer,2009,72.2,75.9
Struer,2010,72.2,75.9
Struer,2011,72.3,75.8
Struer,2012,70.9,74.8
Struer,2013,70.8,74.4
Struer,2014,71.0,73.9
Struer,2015,70.9,73.4
Struer,2016,72.0,74.2
Struer,2017,72.8,75.4
Struer,2018,74.0,76.3
Struer,2019,74.3,77.0
Struer,2020,74.2,77.0
Struer,2021,76.8,78.3
Struer,2022,76.8,78.7
Struer,2023,76.3,78.2
Svendborg,2008,71.9,73.7
Svendborg,2009,69.1,72.4
Svendborg,2010,68.6,72.4
Svendborg,2011,67.8,71.9
Svendborg,2012,67.5,71.9
Svendborg,2013,67.6,71.4
Svendborg,2014,67.9,71.0
Svendborg,2015,67.9,70.9
Svendborg,2016,68.4,71.3
Svendborg,2017,69.1,72.1
Svendborg,2018,70.6,73.3
Svendborg,2019,71.1,73.9
Svendborg,2020,70.5,73.7
Svendborg,2021,73.5,75.4
Svendborg,2022,74.1,76.1
Svendborg,2023,73.6,75.7
Syddjurs,2008,76.6,78.2
Syddjurs,2009,73.3,76.4
Syddjurs,2010,72.2,75.7
Syddjurs,2011,72.4,75.6
Syddjurs,2012,71.9,75.2
Syddjurs,2013,71.7,74.9
Syddjurs,2014,72.1,74.6
Syddjurs,2015,73.0,75.1
Syddjurs,2016,73.8,76.0
Syddjurs,2017,74.9,77.2
Syddjurs,2018,76.2,78.4
Syddjurs,2019,77.0,79.2
Syddjurs,2020,76.5,79.3
Syddjurs,2021,78.5,80.1
Syddjurs,2022,78.5,80.2
Syddjurs,2023,78.0,79.8
Sønderborg,2008,75.1,76.7
Sønderborg,2009,70.3,74.4
Sønderborg,2010,70.0,73.5
Sønderborg,2011,69.3,72.8
Sønderborg,2012,68.5,72.4
Sønderborg,2013,68.6,72.2
Sønderborg,2014,69.3,72.0
Sønderborg,2015,69.2,72.1
Sønderborg,2016,70.2,73.0
Sønderborg,2017,71.8,74.3
Sønderborg,2018,72.9,75.3
Sønderborg,2019,72.9,75.4
Sønderborg,2020,73.0,75.7
Sønderborg,2021,75.5,76.8
Sønderborg,2022,75.2,76.9
Sønderborg,2023,74.4,76.4
Thisted,2008,76.9,78.4
Thisted,2009,73.3,76.4
Thisted,2010,72.4,75.6
Thisted,2011,72.3,75.0
Thisted,2012,71.5,74.4
Thisted,2013,71.3,74.0
Thisted,2014,71.5,74.0
Thisted,2015,72.1,74.2
Thisted,2016,73.2,75.4
Thisted,2017,74.5,76.8
Thisted,2018,75.5,77.8
Thisted,2019,75.9,78.4
Thisted,2020,75.7,78.4
Thisted,2021,77.9,79.2
Thisted,2022,77.9,79.5
Thisted,2023,77.5,79.3
Tårnby,2008,79.0,81.2
Tårnby,2009,76.3,80.3
Tårnby,2010,75.4,79.6
Tårnby,2011,75.8,79.6
Tårnby,2012,75.4,79.6
Tårnby,2013,75.8,80.0
Tårnby,2014,75.7,79.3
Tårnby,2015,76.5,79.6
Tårnby,2016,77.4,79.8
Tårnby,2017,77.6,80.1
Tårnby,2018,78.0,80.5
Tårnby,2019,78.9,81.2
Tårnby,2020,77.5,80.9
Tårnby,2021,79.7,82.0
Tårnby,2022,80.5,82.3
Tårnby,2023,80.5,82.2
Tønder,2008,75.7,77.0
Tønder,2009,72.2,75.8
Tønder,2010,71.5,74.8
Tønder,2011,70.9,74.4
Tønder,2012,69.9,73.8
Tønder,2013,70.1,74.0
Tønder,2014,70.8,73.5
Tønder,2015,71.2,73.5
Tønder,2016,71.9,74.0
Tønder,2017,72.2,74.6
Tønder,2018,73.4,75.7
Tønder,2019,73.9,76.4
Tønder,2020,73.8,76.2
Tønder,2021,75.8,77.0
Tønder,2022,75.6,77.0
Tønder,2023,75.9,77.3
Vallensbæk,2008,82.4,83.8
Vallensbæk,2009,79.6,82.4
Vallensbæk,2010,78.9,82.5
Vallensbæk,2011,78.8,82.3
Vallensbæk,2012,78.7,82.6
Vallensbæk,2013,78.2,82.1
Vallensbæk,2014,78.2,81.6
Vallensbæk,2015,78.6,81.3
Vallensbæk,2016,79.5,82.1
Vallensbæk,2017,79.7,82.4
Vallensbæk,2018,80.9,83.6
Vallensbæk,2019,80.9,83.5
Vallensbæk,2020,80.1,83.5
Vallensbæk,2021,82.1,84.2
Vallensbæk,2022,82.5,84.4
Vallensbæk,2023,82.5,84.5
Varde,2008,80.9,82.0
Varde,2009,77.5,80.5
Varde,2010,76.7,79.5
Varde,2011,76.6,79.1
Varde,2012,75.7,78.7
Varde,2013,75.4,78.1
Varde,2014,75.6,77.5
Varde,2015,75.8,77.8
Varde,2016,76.1,78.0
Varde,2017,77.4,79.5
Varde,2018,78.3,80.2
Varde,2019,79.2,81.1
Varde,2020,78.6,81.0
Varde,2021,80.4,81.6
Varde,2022,80.8,82.1
Varde,2023,80.5,81.9
Vejen,2008,79.6,80.3
Vejen,2009,75.7,78.9
Vejen,2010,74.9,78.1
Vejen,2011,75.4,78.0
Vejen,2012,75.0,77.9
Vejen,2013,74.7,77.6
Vejen,2014,74.9,77.4
Vejen,2015,75.4,77.6
Vejen,2016,76.5,78.7
Vejen,2017,77.0,79.0
Vejen,2018,78.0,80.0
Vejen,2019,78.7,80.7
Vejen,2020,78.7,80.7
Vejen,2021,81.1,82.1
Vejen,2022,81.1,82.1
Vejen,2023,80.6,82.0
Vejle,2008,79.2,80.5
Vejle,2009,75.4,78.9
Vejle,2010,74.8,78.2
Vejle,2011,74.3,77.5
Vejle,2012,73.8,77.2
Vejle,2013,73.8,77.2
Vejle,2014,74.1,76.8
Vejle,2015,74.8,77.2
Vejle,2016,75.3,77.7
Vejle,2017,76.2,78.8
Vejle,2018,77.3,79.6
Vejle,2019,77.6,79.9
Vejle,2020,77.1,79.9
Vejle,2021,79.5,81.0
Vejle,2022,79.9,81.5
Vejle,2023,79.4,81.3
Vesthimmerlands,2008,76.9,78.7
Vesthimmerlands,2009,72.7,76.6
Vesthimmerlands,2010,72.6,76.2
Vesthimmerlands,2011,71.9,75.8
Vesthimmerlands,2012,71.5,75.4
Vesthimmerlands,2013,71.2,75.2
Vesthimmerlands,2014,71.7,74.8
Vesthimmerlands,2015,72.1,75.3
Vesthimmerlands,2016,73.1,75.8
Vesthimmerlands,2017,73.9,77.0
Vesthimmerlands,2018,75.1,77.8
Vesthimmerlands,2019,75.2,78.1
Vesthimmerlands,2020,74.8,78.4
Vesthimmerlands,2021,77.1,78.9
Vesthimmerlands,2022,77.7,79.5
Vesthimmerlands,2023,77.4,79.5
Viborg,2008,79.4,80.6
Viborg,2009,75.8,79.2
Viborg,2010,75.4,78.4
Viborg,2011,74.5,77.5
Viborg,2012,73.5,76.8
Viborg,2013,73.5,76.3
Viborg,2014,73.4,75.9
Viborg,2015,73.8,76.2
Viborg,2016,74.4,76.5
Viborg,2017,75.4,77.6
Viborg,2018,76.0,78.1
Viborg,2019,76.5,78.8
Viborg,2020,76.1,78.7
Viborg,2021,78.3,79.7
Viborg,2022,78.3,80.1
Viborg,2023,78.0,79.8
Vordingborg,2008,71.8,74.1
Vordingborg,2009,68.6,72.6
Vordingborg,2010,68.0,71.5
Vordingborg,2011,68.1,71.3
Vordingborg,2012,67.4,71.0
Vordingborg,2013,67.3,70.5
Vordingborg,2014,67.0,70.1
Vordingborg,2015,67.3,70.0
Vordingborg,2016,68.3,70.9
Vordingborg,2017,69.2,72.1
Vordingborg,2018,70.6,73.6
Vordingborg,2019,71.3,74.2
Vordingborg,2020,71.5,74.6
Vordingborg,2021,73.6,75.5
Vordingborg,2022,74.3,76.2
Vordingborg,2023,74.7,76.7
Ærø,2008,68.4,70.0
Ærø,2009,66.7,69.5
Ærø,2010,66.0,68.6
Ærø,2011,65.4,68.3
Ærø,2012,65.9,69.3
Ærø,2013,64.7,67.6
Ærø,2014,65.1,67.7
Ærø,2015,65.8,68.3
Ærø,2016,67.0,69.9
Ærø,2017,68.1,70.7
Ærø,2018,70.1,72.7
Ærø,2019,69.3,72.7
Ærø,2020,69.7,72.6
Ærø,2021,71.6,73.2
Ærø,2022,72.1,73.4
Ærø,2023,73.5,74.6
